Title,Budget,ID,Original Language,Popularity,Release Date,Revenue,Runtime,Vote Average,Vote Count
The Woodsman,0,9692,en,6.984903,24/12/2004,4678405,87,6.9,106
Alesha Popovich and Tugarin the Dragon,4000000,33065,ru,1.760091,23/12/2004,1730000,72,6.1,20
Meet the Fockers,80000000,693,en,11.876386,22/12/2004,516642939,115,6.1,1412
Spanglish,80000000,2539,en,11.202764,17/12/2004,55041367,130,5.8,375
Flight of the Phoenix,45000000,11866,en,15.434731,17/12/2004,21009180,113,5.7,282
The Aviator,116000000,2567,en,9.86738,17/12/2004,102000000,170,7,1526
Lemony Snicket's A Series of Unfortunate Events,140000000,11774,en,12.817945,16/12/2004,209073645,108,6.7,1521
Million Dollar Baby,30000000,70,en,14.471373,15/12/2004,216763646,132,7.7,2519
After the Sunset,60000000,10589,en,11.945666,11/12/2004,61347797,97,6,227
Veer-Zaara,7000000,4251,hi,3.319516,11/12/2004,29385320,192,7.5,67
Aitraaz,3500000,22315,hi,1.280578,11/12/2004,9250000,159,4.9,17
A Dirty Shame,15000000,13702,en,7.665431,09/12/2004,1914166,89,5.4,65
It's All Gone Pete Tong,2000000,12109,en,2.812182,09/12/2004,120620,90,7.1,53
AVP: Alien vs. Predator,70000000,395,en,12.636205,08/12/2004,171183863,101,5.6,1241
Secret Window,40000000,1586,en,9.524283,03/12/2004,92913171,96,6.4,1007
Spartan,19250000,11169,en,7.364519,03/12/2004,8112712,102,6.3,104
Don't Move,0,16729,it,2.855055,03/12/2004,11837022,125,7,51
Moscow Heat,0,106546,en,1.123409,24/11/2004,1100000,89,1.3,3
The Work and the Glory,7500000,36046,en,0.52757,24/11/2004,3347647,110,6.1,7
Alexander,155000000,1966,en,13.498641,21/11/2004,167298192,175,5.6,957
National Treasure,100000000,2059,en,18.932203,19/11/2004,347451894,131,6.4,1974
Howl's Moving Castle,24000000,4935,ja,16.136048,19/11/2004,234710455,119,8.2,2049
The SpongeBob SquarePants Movie,30000000,11836,en,11.213712,14/11/2004,140161792,87,6.7,593
Seed of Chucky,12000000,11249,en,15.216315,11/11/2004,24829644,87,4.9,302
Hotel Rwanda,17500000,205,en,10.262332,09/11/2004,38000000,121,7.5,805
The Chronicles of Riddick,105000000,2789,en,5.060352,06/11/2004,115772733,119,6.3,1593
Napoleon Dynamite,400000,8193,en,10.287419,06/11/2004,46118097,95,6.7,567
Head-On,0,363,de,10.234986,03/11/2004,11030861,121,7.3,111
Ray,40000000,1677,en,10.603762,29/10/2004,124731534,152,7.2,481
Melinda and Melinda,0,9688,en,6.117784,29/10/2004,20085825,100,6.3,128
The Grudge,10000000,1970,en,9.740827,22/10/2004,183474602,92,5.8,889
Alfie,60000000,8849,en,10.411608,22/10/2004,13395939,103,5.5,255
Sideways,16000000,9675,en,12.646518,22/10/2004,109502303,126,6.9,484
Finding Neverland,25000000,866,en,15.529604,17/10/2004,116766556,106,7.2,1269
Shall We Dance?,50000000,4380,en,9.082538,15/10/2004,170128460,107,5.9,308
The Final Cut,0,11099,en,10.606823,15/10/2004,548039,95,5.9,194
The Life Aquatic with Steve Zissou,50000000,421,en,6.936677,12/10/2004,34808403,119,7.1,781
The Polar Express,165000000,5255,en,14.27536,11/10/2004,305875730,100,6.4,1524
Bridget Jones: The Edge of Reason,50000000,9801,en,7.78817,11/10/2004,40203020,108,6.1,775
Team America: World Police,32000000,3989,en,11.428941,10/10/2004,50907422,98,6.6,667
Resident Evil: Apocalypse,45000000,1577,en,7.850797,09/10/2004,129394835,94,6.1,1286
Raise Your Voice,15000000,14024,en,4.387004,08/10/2004,14867514,103,6,221
A Cinderella Story,19000000,11247,en,8.385361,07/10/2004,70067909,95,6.1,737
Garfield,50000000,8920,en,10.003679,06/10/2004,200804534,80,5.2,851
The Stepford Wives,90000000,9890,en,10.81552,06/10/2004,102000000,93,5.4,339
Before Sunset,2700000,80,en,7.048957,02/10/2004,15992615,80,7.6,734
Kung Fu Hustle,20000000,9470,cn,8.636632,02/10/2004,100914445,99,7.2,841
Layer Cake,6500000,4836,en,9.642214,30/09/2004,11850214,105,7,565
Woman Thou Art Loosed,3000000,44634,en,0.129004,30/09/2004,6804016,94,5,3
The Forgotten,42000000,10145,en,6.40146,24/09/2004,117575636,91,5.5,359
Popular Music,2224000,442,sv,0.988777,24/09/2004,28000000,100,6,17
Surviving Christmas,45000000,15566,en,8.698971,21/09/2004,14793624,91,5.1,107
Shark Tale,75000000,10555,en,17.999273,20/09/2004,367275019,90,5.8,1612
Sky Captain and the World of Tomorrow,70000000,5137,en,9.64113,17/09/2004,57958696,107,5.7,445
The Year of the Yao,0,14287,en,0.562054,16/09/2004,38585,88,5.5,2
The Heart is Deceitful Above All Things,74050,26579,en,2.789574,15/09/2004,176153,98,5.7,38
Wimbledon,31000000,11823,en,14.224013,13/09/2004,41512007,98,6,303
Ocean's Twelve,110000000,163,en,11.869347,12/09/2004,362744280,125,6.4,2169
District B13,12000000,10045,fr,7.594102,11/09/2004,9584131,84,6.5,572
Anchorman: The Legend of Ron Burgundy,26000000,8699,en,10.33012,07/09/2004,90574188,94,6.7,1523
Riding Giants,2600000,291,en,2.203949,07/09/2004,3166000,105,7.6,23
Garv: Pride and Honour,1300000,72051,hi,0.386315,07/09/2004,11000000,162,4.5,4
The Girl Next Door,25000000,10591,en,13.083718,04/09/2004,30411183,108,6.3,844
Ella Enchanted,31000000,14442,en,11.316988,04/09/2004,27388767,96,5.9,454
Shaun of the Dead,4000000,747,en,14.902948,04/09/2004,30039392,99,7.5,2479
The Machinist,5000000,4553,en,10.737565,02/09/2004,8203235,101,7.3,1280
Chasing Liberty,23000000,14844,en,5.950792,01/09/2004,12,111,6.1,154
My Baby's Daddy,0,26710,en,5.513522,01/09/2004,51,86,4.3,15
Suspect Zero,27000000,8080,en,7.550891,27/08/2004,13000000,99,5.5,99
Superbabies: Baby Geniuses 2,0,31117,en,7.538821,27/08/2004,9109322,88,1.9,36
Dhoom,1500000,17478,hi,3.106495,27/08/2004,12000000,124,6.2,53
Anacondas: The Hunt for the Blood Orchid,20000000,11237,en,10.749404,26/08/2004,70992898,97,4.9,200
Without a Paddle,19000000,10762,en,6.046516,20/08/2004,69631118,95,5.3,217
Exorcist: The Beginning,80000000,11026,en,13.02369,20/08/2004,78000586,114,4.7,189
Yu-Gi-Oh! The Movie,20000000,11052,en,5.946085,13/08/2004,29170410,90,5.4,71
Blade: Trinity,65000000,36648,en,18.860681,12/08/2004,128905366,123,5.7,1276
Born into Brothels,350000,1392,en,2.96237,12/08/2004,3515061,85,6.7,61
The Phantom of the Opera,70000000,9833,en,7.682562,12/08/2004,154648887,143,7,448
Primer,7000,14337,en,7.15307,10/08/2004,424760,77,6.9,671
Friday Night Lights,30000000,13416,en,13.041943,10/08/2004,61255921,118,7,154
Downfall,18339750,613,de,7.69224,09/08/2004,92180910,156,7.7,1059
The Manchurian Candidate,80000000,14462,en,10.796939,30/07/2004,96105964,129,6.2,401
The Village,60000000,6947,en,8.172707,30/07/2004,256697520,108,6.2,1101
She Hate Me,8000000,20912,en,5.126696,30/07/2004,365134,138,5.1,29
Garden State,2500000,401,en,11.630809,28/07/2004,26781723,102,7.1,631
A Driver for Vera,3300000,64483,ru,0.975857,27/07/2004,2011837,105,6.2,11
The Bourne Supremacy,75000000,2502,en,20.40426,23/07/2004,288500217,108,7.2,2873
A Home at the End of the World,6500000,18923,en,4.136105,23/07/2004,1548955,96,6.8,45
Thunderbirds,57000000,14623,en,14.363421,23/07/2004,28283637,95,4.2,92
Catwoman,100000000,314,en,13.340272,22/07/2004,82102379,104,4.2,833
9 Songs,1000000,27,en,18.847707,16/07/2004,1574623,66,5.1,103
"I, Robot",120000000,2048,en,14.43075,15/07/2004,347234916,115,6.7,3889
King Arthur,120000000,9477,en,8.862107,07/07/2004,203567857,126,6.1,827
Mindhunters,27000000,16617,en,7.600017,05/07/2004,21148829,106,6.3,339
Johnson Family Vacation,12000000,19084,en,3.223039,04/07/2004,31179516,97,4.8,31
The Alamo,145000000,10733,en,12.240901,04/07/2004,25819961,137,5.8,108
The Whole Ten Yards,40000000,2122,en,7.15606,04/07/2004,26155781,98,5.5,282
Two Brothers,74500000,1997,en,5.300303,04/07/2004,62172050,109,6.9,185
Night Watch,4200000,3040,ru,8.803869,27/06/2004,32000000,114,6.3,212
The Notebook,29000000,11036,en,15.239013,25/06/2004,115603229,123,7.7,3163
Fahrenheit 9/11,6000000,1777,en,6.83946,25/06/2004,119114517,122,6.9,403
Spider-Man 2,200000000,558,en,10.834506,25/06/2004,783766341,127,6.7,4432
Agent Cody Banks 2: Destination London,26000000,17047,en,12.59201,24/06/2004,28818995,100,5.2,145
White Chicks,37000000,12153,en,7.723341,23/06/2004,113086475,109,6.3,704
DodgeBall: A True Underdog Story,20000000,9472,en,11.967379,18/06/2004,167722310,92,6.2,1009
The Terminal,60000000,594,en,14.092373,17/06/2004,219417255,128,7.1,1974
Around the World in 80 Days,110000000,10204,en,7.825072,16/06/2004,72178895,120,5.7,687
Mr. 3000,30000000,16232,en,4.902869,15/06/2004,21800302,104,5,66
Ladies in Lavender,0,9528,en,3.837975,14/06/2004,20377075,104,6.5,36
Taxi,25000000,11045,en,7.745017,10/06/2004,36609966,97,4.8,245
Cellular,25000000,9759,en,5.918816,09/06/2004,56422687,94,6.1,548
Little Black Book,35000000,14846,en,5.093704,08/06/2004,22034832,111,5.2,114
The Princess Diaries 2: Royal Engagement,40000000,11130,en,8.248895,08/06/2004,95149435,113,6,726
Open Water,130000,83,en,10.652818,08/06/2004,54667954,79,5.3,320
When Will I Be Loved,0,51363,tr,1.500214,06/06/2004,159429,81,4.2,12
Ghost in the Shell 2: Innocence,0,12140,ja,9.377699,03/06/2004,9789651,100,7.3,230
Catch That Kid,18000000,20483,en,5.226389,02/06/2004,16702864,92,5,78
Miracle,28000000,14292,en,8.248999,02/06/2004,64445708,135,7,162
The Motorcycle Diaries,0,1653,es,7.667491,02/06/2004,16756372,126,7.2,295
Harry Potter and the Prisoner of Azkaban,130000000,673,en,28.460276,31/05/2004,789804554,141,7.7,6037
Harold & Kumar Go to White Castle,9000000,11282,en,8.344105,30/05/2004,23936908,88,6.6,709
Soul Plane,16000000,12657,en,8.604389,28/05/2004,14822346,86,4.7,109
Raising Helen,50000000,4599,en,12.448933,27/05/2004,49718611,119,5.9,195
The Day After Tomorrow,125000000,435,en,15.049695,26/05/2004,544272402,124,6.2,2462
Stateside,16000000,43670,en,1.054438,23/05/2004,174318,97,5.6,12
2046,12000000,844,zh,7.157169,20/05/2004,19271312,129,6.9,208
Mysterious Skin,0,11171,en,7.103951,20/05/2004,1524966,105,7.4,266
Shrek 2,150000000,809,en,16.22986,19/05/2004,919838758,93,6.7,3082
House of Flying Daggers,0,9550,zh,9.3002,19/05/2004,92863945,119,7.1,452
The Assassination of Richard Nixon,0,842,en,10.107677,17/05/2004,3537961,95,6.4,83
Chronicles,0,20511,en,7.490741,16/05/2004,299261,108,7,12
Undertow,0,16131,en,2.799447,14/05/2004,143597,108,5.9,34
Dig!,0,1843,en,1.527551,14/05/2004,127067,107,7.2,20
Troy,175000000,652,en,15.387275,13/05/2004,497409852,163,6.9,2841
The Incredibles,92000000,9806,en,22.220214,11/05/2004,631442092,115,7.4,5290
Innocent Voices,0,20941,es,7.559298,11/05/2004,837000,120,7.6,33
Van Helsing,160000000,7131,en,12.643312,05/05/2004,300257475,132,6,1674
Hidalgo,100000000,2023,en,8.140709,03/05/2004,108103450,136,6.5,321
Starsky & Hutch,60000000,9384,en,10.776138,03/05/2004,170268750,101,5.6,661
Tae Guk Gi: The Brotherhood of War,0,11658,ko,9.140411,02/05/2004,15,140,7.4,134
Godsend,25000000,11058,en,11.271148,30/04/2004,30114487,102,4.7,114
Mean Girls,17000000,10625,en,11.454835,30/04/2004,129042871,97,6.9,2401
Casshern,6000000,11662,ja,4.664474,24/04/2004,1530216,141,5.7,74
Man on Fire,70000000,9509,en,9.635691,23/04/2004,130293714,146,7.3,1583
What the #$*! Do We (K)now!?,0,8357,en,7.631049,23/04/2004,10000000,109,5.8,34
Appleseed,10000000,11633,ja,8.278525,17/04/2004,1461989,101,6.8,116
Connie and Carla,20000000,15673,en,9.502332,16/04/2004,11341016,98,6.4,24
Kill Bill: Vol. 2,30000000,393,en,21.533072,16/04/2004,152159461,136,7.7,4061
The Punisher,33000000,7220,en,18.250919,15/04/2004,54700105,124,6.1,786
13 Going on 30,37000000,10096,en,12.632595,13/04/2004,96455697,98,6.3,1260
Collateral,65000000,1538,en,13.455112,08/04/2004,217764291,120,7,1476
Moolaad??,0,39504,bm,0.759538,08/04/2004,214605,124,5.9,16
Before the Fall,4500000,9393,de,5.69684,07/04/2004,3764219,117,7.3,74
FBI: Frikis buscan incordiar,0,131932,es,0.044048,06/04/2004,928391,85,2,1
In My Country,12000000,16635,en,1.14196,05/04/2004,163536,103,7.1,7
Laws of Attraction,28000000,11141,en,5.739139,04/04/2004,30016165,90,5.6,104
Czech Dream,0,33916,cs,0.919556,30/03/2004,17393,90,6.8,10
Never Die Alone,3000000,20304,en,6.212433,26/03/2004,5923000,88,5.7,34
Jersey Girl,35000000,9541,en,5.706507,25/03/2004,36098382,102,5.8,333
Scooby-Doo 2: Monsters Unleashed,0,11024,en,7.65458,24/03/2004,181466833,93,5.4,519
Dawn of the Dead,28000000,924,en,13.157873,19/03/2004,102356381,101,6.8,1039
Eternal Sunshine of the Spotless Mind,20000000,38,en,12.906327,19/03/2004,72258126,108,7.9,3758
Taking Lives,45000000,11081,en,7.85646,19/03/2004,65470529,103,6,356
Bad Education,5000000,140,es,7.66414,19/03/2004,40266982,106,7.1,223
El asombroso mundo de Borjamari y Pocholo,0,135696,es,0.793589,12/03/2004,3367646,90,5.4,5
The Cookout,16000000,18475,en,1.758079,09/03/2004,12,97,4.6,10
Paparazzi,20000000,15644,en,12.553403,09/03/2004,16605763,84,5.8,52
Wicker Park,30000000,11208,en,5.605652,09/03/2004,13001257,114,6.7,159
Stage Beauty,0,26108,en,3.127483,09/03/2004,776691,106,7,34
The Sea Inside,12806000,1913,es,14.69768,09/03/2004,38535221,125,7.2,224
Windstruck,0,10103,ko,1.896423,06/03/2004,5331377,123,7.2,33
Club Dread,8500000,11217,en,6.57613,27/02/2004,5001655,104,5.1,107
Dirty Dancing: Havana Nights,25000000,10677,en,4.475359,27/02/2004,27685016,86,6,154
Twisted,50000000,13572,en,5.376246,27/02/2004,25195000,97,5.3,127
The Passion of the Christ,30000000,615,en,13.194168,25/02/2004,611899420,127,6.9,888
Welcome to Mooseport,30000000,16784,en,3.832792,24/02/2004,14000000,110,4.8,54
Against the Ropes,39000000,8842,en,1.381022,20/02/2004,6614280,106,4.5,32
EuroTrip,25000000,9352,en,6.275468,20/02/2004,20796847,93,6.5,673
Confessions of a Teenage Drama Queen,15000000,11132,en,7.423275,17/02/2004,29331068,89,5.1,228
50 First Dates,75000000,1824,en,11.134888,13/02/2004,196482882,99,6.6,2161
Highwaymen,0,29979,en,3.916636,13/02/2004,371396,80,5.8,50
A Love Song for Bobby Long,0,9953,en,5.185771,09/02/2004,1841260,119,6.8,97
The Clearing,0,10742,en,4.755759,07/02/2004,12520799,95,5.6,57
Mickey,6000000,54807,en,0.33262,05/02/2004,293793,90,6.5,1
Hellboy,66000000,1487,en,13.206854,04/02/2004,99318987,122,6.5,2278
Home on the Range,110000000,13700,en,8.555544,04/02/2004,103951461,76,5.7,405
Walking Tall,56000000,11358,en,10.577565,04/02/2004,57223890,86,6,387
The Card Player,2600000,15483,it,3.501564,01/02/2004,1479042,103,4.7,46
The Big Bounce,50000000,12634,en,6.496271,30/01/2004,6808550,88,5,77
RRRrrrr!!!,17820000,21778,fr,9.482248,28/01/2004,14054361,94,6.2,228
Win a Date with Tad Hamilton!,17000000,13476,en,5.924226,23/01/2004,16980098,95,5.5,163
The Butterfly Effect,13000000,1954,en,12.994939,22/01/2004,96060858,113,7.3,2119
Vizontele Tuuba,3000000,92834,en,0.808339,21/01/2004,13954476,111,6.5,9
Barbershop 2:  Back in Business,18000000,21301,en,8.353739,20/01/2004,65070412,106,5.7,77
Baadasssss!,0,28219,en,4.081547,20/01/2004,365248,108,6.7,13
We Don't Live Here Anymore,3000000,23601,en,2.127661,20/01/2004,2037545,101,5.8,29
Super Size Me,65000,9372,en,5.266103,17/01/2004,28575078,100,6.6,520
Along Came Polly,42000000,5966,en,15.725542,16/01/2004,171963386,90,5.8,795
Torque,40000000,10718,en,5.574983,16/01/2004,46546197,84,4.7,121
Control Room,0,18889,en,1.949044,15/01/2004,2586511,84,7.7,19
Mean Creek,500000,12281,en,12.428269,15/01/2004,603943,90,6.9,110
Crash,6500000,1640,en,9.785147,13/01/2004,98410061,112,7.2,1172
Closer,27000000,2288,en,10.860952,12/01/2004,115505027,104,6.7,845
Narco,823258,20200,en,4.584117,12/01/2004,823258,105,6.1,43
Ladder 49,60000000,11128,en,7.650411,10/01/2004,74541707,115,6.2,213
Saw,1200000,176,en,23.508433,10/01/2004,103911669,103,7.2,2255
Vanity Fair,23000000,11632,en,6.614456,09/01/2004,16123851,141,5.5,75
First Love,0,62495,it,0.38744,01/01/2004,9392,100,6.7,10
I Like Killing Flies,0,51069,en,0.829,01/01/2004,14000,80,6.9,11
Big Fish,70000000,587,en,14.739983,25/12/2003,122919055,125,7.6,2064
Paycheck,60000000,9620,en,12.571789,25/12/2003,96269812,119,5.9,594
Peter Pan,100000000,10601,en,8.98628,25/12/2003,121975011,113,6.9,671
Cheaper by the Dozen,40000000,11007,en,7.364297,24/12/2003,190212113,98,6,725
Cold Mountain,79000000,2289,en,9.645543,24/12/2003,173013509,154,6.7,545
House of Sand and Fog,16500000,11093,en,9.245145,19/12/2003,16942795,126,7,202
Something's Gotta Give,80000000,6964,en,8.524847,12/12/2003,266728738,128,6.3,422
Antikiller 2: Antiterror,0,41957,ru,0.238166,12/12/2003,2685000,125,4,4
Dallas 362,0,41183,en,0.631613,09/12/2003,18928,100,5.5,2
"The Book of Mormon Movie, Volume 1: The Journey",2000000,48382,en,0.079856,09/12/2003,1672730,120,5,2
Kal Ho Naa Ho,0,4254,hi,5.584308,27/11/2003,13200241,186,7.3,110
Bad Santa,23000000,10147,en,10.930143,26/11/2003,76488889,91,6.4,666
Timeline,80000000,9562,en,6.982762,26/11/2003,43935763,116,5.4,324
The Haunted Mansion,90000000,10756,en,11.605735,25/11/2003,182290266,87,5.1,481
Honey,18000000,10028,en,11.863954,24/11/2003,62646763,94,6,313
Gothika,40000000,4970,en,10.939066,21/11/2003,141591324,98,5.8,643
Monster,8000000,504,en,7.189024,16/11/2003,60378584,110,7,500
Shattered Glass,6000000,13537,en,6.0872,14/11/2003,2944752,94,6.6,114
Looney Tunes: Back in Action,80000000,10715,en,13.666488,14/11/2003,68514844,90,5.6,302
Master and Commander: The Far Side of the World,150000000,8619,en,8.693298,14/11/2003,212011111,138,6.9,808
Once Upon a Time in Mexico,29000000,1428,en,8.843365,09/11/2003,98185582,102,6.2,605
The Visual Bible: The Gospel of John,10000000,30973,en,1.551648,09/11/2003,4069090,125,8.2,12
The League of Extraordinary Gentlemen,78000000,8698,en,10.488765,07/11/2003,179265204,110,5.7,1181
Veronica Guerin,17000000,10629,en,9.548519,07/11/2003,1569918,98,6.8,61
The Triplets of Belleville,8000000,9662,fr,8.35586,06/11/2003,1477676,80,7.3,233
Anger Management,75000000,9506,en,9.409379,04/11/2003,195745823,106,5.9,937
House of 1000 Corpses,7000000,2662,en,11.00913,04/11/2003,16829545,89,6,310
House of the Dead,7000000,11059,en,5.701278,04/11/2003,13818181,90,2.8,106
The Hunted,55000000,10632,en,7.481524,03/11/2003,34234008,94,6,194
"Die, Mommie, Die!",0,43708,en,0.950658,31/10/2003,320092,90,6.6,17
Radio,32000000,13920,en,5.81647,24/10/2003,52277485,109,6.8,146
Scary Movie 3,48000000,4256,en,11.142209,24/10/2003,220673217,84,5.8,948
Wonderland,5000000,4997,en,8.062123,23/10/2003,2466444,104,6.2,73
Tarnation,218,1435,en,1.620207,19/10/2003,1162014,91,7.5,22
The Texas Chainsaw Massacre,9500000,9373,en,7.810068,17/10/2003,107071655,98,6.1,670
Sylvia,7000000,28200,en,11.37237,17/10/2003,10000000,109,5.6,34
Stuck on You,55000000,1792,en,6.96675,12/10/2003,33828318,118,5.1,194
Kill Bill: Vol. 1,30000000,24,en,25.261865,10/10/2003,180949000,111,7.7,5091
The Company,15000000,52036,en,7.803563,09/10/2003,2281585,112,5.7,21
The Corporation,0,11420,en,4.192292,09/10/2003,4500000,145,7.6,75
Latter Days,850000,15708,en,3.334942,07/10/2003,819939,107,6.8,57
Ghosts of the Abyss,13000000,24982,en,4.835446,04/10/2003,17040871,92,7.1,39
Fat Pizza,400000,15603,en,0.99099,04/10/2003,7888102,96,5.7,10
Duplex,40000000,7288,en,12.160363,26/09/2003,19322135,89,5.9,500
The Rundown,85000000,10159,en,8.304835,26/09/2003,80916492,104,6.4,523
Young Adam,6400000,237,en,5.235419,26/09/2003,2500000,93,5.9,46
Cold Creek Manor,0,12767,en,5.84474,19/09/2003,21384035,118,4.9,114
Underworld,22000000,277,en,20.624333,19/09/2003,95708457,121,6.6,2556
"Spring, Summer, Fall, Winter... and Spring",0,113,ko,8.157887,19/09/2003,6502364,103,7.6,240
Soccer Days,0,54148,es,1.211616,19/09/2003,12212123,113,6.2,15
The Fighting Temptations,15000000,22309,en,2.18689,17/09/2003,30238577,122,5.3,38
Runaway Jury,60000000,11329,en,8.810961,10/09/2003,80154140,127,6.9,354
Elf,32000000,10719,en,8.754132,10/09/2003,173398518,97,6.4,1007
In the Cut,12000000,10944,en,5.799628,09/09/2003,23,119,4.7,93
Pirates of the Caribbean: The Curse of the Black Pearl,140000000,22,en,47.326665,07/09/2003,655011224,143,7.5,7191
Hollywood Homicide,75000000,11375,en,11.080439,06/09/2003,51142659,116,5,172
"Good bye, Lenin!",4800000,338,de,10.605595,02/09/2003,79384880,121,7.4,602
Just Married,18000000,12090,en,6.001152,01/09/2003,101564935,95,5.3,415
Lost in Translation,4000000,153,en,11.609441,31/08/2003,119723856,102,7.3,1943
Girl with a Pearl Earring,0,3635,en,7.008512,31/08/2003,31466789,101,6.4,384
Open Range,22000000,2055,en,16.532577,29/08/2003,68296293,139,7,268
Intermission,5000000,16941,en,3.715985,29/08/2003,4856298,105,6.4,51
Marci X,20000000,32316,en,4.15656,22/08/2003,1675706,84,3.3,12
Thirteen,2000000,11023,en,14.379879,20/08/2003,4601043,100,6.6,355
Freddy vs. Jason,30000000,6466,en,14.015739,15/08/2003,114908830,97,5.8,608
Uptown Girls,20000000,14926,en,5.555088,15/08/2003,37095657,92,6.1,193
American Splendor,0,2771,en,7.05435,15/08/2003,6003587,101,7.1,121
Cabin Fever,1500000,11547,en,6.466688,15/08/2003,30553394,93,5.5,332
Tere Naam,1,56969,hi,1.280455,15/08/2003,2,132,6.4,18
S.W.A.T.,80000000,9257,en,13.334952,08/08/2003,116643346,117,5.8,780
Le Divorce,0,9499,en,8.73915,08/08/2003,12991996,117,4.8,40
Jeepers Creepers 2,17000000,11351,en,14.786032,08/08/2003,63102666,104,5.5,304
Down with Love,35000000,10720,en,9.392508,05/08/2003,20298207,101,6.1,202
Spy Kids 3-D: Game Over,38000000,12279,en,8.025145,25/07/2003,197011982,84,4.7,525
Seabiscuit,87000000,4464,en,7.851669,22/07/2003,148336445,141,6.8,219
Lara Croft Tomb Raider: The Cradle of Life,95000000,1996,en,13.076349,21/07/2003,156505388,117,5.5,1443
Bad Boys II,130000000,8961,en,8.191436,18/07/2003,273339556,147,6.3,1588
Mystic River,25000000,322,en,12.602438,10/07/2003,156822020,138,7.6,1473
Love Actually,40000000,508,en,10.586815,09/07/2003,244931766,135,7,1917
Bringing Down the House,20000000,10678,en,5.762343,03/07/2003,132675402,105,5.4,191
Tears of the Sun,70000000,9567,en,10.614987,03/07/2003,85632458,121,6.4,582
My Life Without Me,0,20,en,10.310508,03/07/2003,9726954,106,7.2,78
How to Lose a Guy in 10 Days,50000000,9919,en,5.188107,02/07/2003,177371441,116,6.3,873
The Jungle Book 2,20000000,14873,en,10.605851,02/07/2003,135680000,72,5.6,278
Charlie's Angels: Full Throttle,120000000,9471,en,7.821116,27/06/2003,259175788,106,5.2,930
From Justin to Kelly,12000000,31246,en,1.695369,20/06/2003,4922166,90,3,23
Hulk,137000000,1927,en,15.422638,19/06/2003,245360480,138,5.3,1571
Alex & Emma,30000000,17813,en,5.236854,16/06/2003,15368897,96,5,71
National Lampoon's Gold Diggers,0,44181,en,0.625659,15/06/2003,527000,90,3.1,7
Dumb and Dumberer: When Harry Met Lloyd,19000000,10152,en,9.280038,13/06/2003,39267515,85,4.1,211
21 Grams,20000000,470,en,6.372278,09/06/2003,60427839,124,7.2,943
Mambo Italiano,4361898,321,en,2.873356,06/06/2003,3031801,92,5.6,28
Johnny English,40000000,9486,en,8.739991,04/06/2003,160583018,88,6,875
Shanghai Knights,50000000,6038,en,7.469778,02/06/2003,88323487,115,6,707
Kops,0,9256,sv,2.939129,02/06/2003,8,90,6.4,58
Finding Nemo,94000000,12,en,25.497794,30/05/2003,940335536,100,7.6,6292
The Italian Job,60000000,9654,en,13.995044,30/05/2003,176070171,110,6.6,1949
Wrong Turn,12600000,9902,en,14.079718,30/05/2003,28650575,84,6,652
Capturing the Friedmans,0,2260,en,4.453296,30/05/2003,3117985,107,7.4,112
"The Tulse Luper Suitcases, Part 1: The Moab Story",10000000,3097,en,0.524432,24/05/2003,25800,127,7.8,5
Bruce Almighty,80000000,310,en,15.947524,23/05/2003,484572835,101,6.4,3121
The In-Laws,0,5146,en,6.585107,23/05/2003,20440627,98,5.6,68
The Barbarian Invasions,8000000,11042,fr,4.125182,21/05/2003,3432342,99,6.7,80
Dogville,10000000,553,da,9.808595,19/05/2003,16680836,178,7.6,619
Swimming Pool,7800000,302,en,14.481103,18/05/2003,22441323,102,6.5,154
Elephant,3000000,1807,en,6.447312,18/05/2003,10012022,81,7,410
Blackball,0,15443,en,1.433756,18/05/2003,48000,96,5.6,14
The Matrix Reloaded,150000000,604,en,16.229317,15/05/2003,738599701,138,6.7,3500
I'll Sleep When I'm Dead,0,3515,en,2.787144,14/05/2003,490964,97,5.3,28
Cowboys & Angels,2000000,20148,it,1.188935,14/05/2003,33700,89,5.9,10
The Last Samurai,140000000,616,en,19.582325,12/05/2003,456758981,154,7.3,1946
The Matrix Revolutions,150000000,605,en,15.368205,11/05/2003,424988211,129,6.4,3155
Camp,0,33339,en,6.411695,09/05/2003,1628154,114,5.6,24
The Order,35000000,9616,en,5.370818,09/05/2003,11560806,102,4.8,93
Party Monster,5000000,1415,en,3.007842,09/05/2003,742898,98,5.9,60
Touching the Void,0,11194,en,7.594022,09/05/2003,13885802,106,7.6,139
Coffee and Cigarettes,0,883,en,5.32553,09/05/2003,7897645,96,6.9,216
2 Fast 2 Furious,76000000,584,en,2.32462,06/05/2003,236350661,107,6.2,2087
Saamy,1,49029,ta,0.43849,05/05/2003,3,140,5.8,5
Under the Tuscan Sun,18000000,10934,en,8.508008,30/04/2003,58878723,113,6.4,178
Torremolinos 73,0,26488,es,8.721919,29/04/2003,1819410,87,6.6,18
Identity,30000000,2832,en,17.955897,25/04/2003,90259536,90,7.1,1090
The Lizzie McGuire Movie,17000000,18736,en,6.730857,25/04/2003,55534455,94,5.8,292
X2,110000000,36658,en,0.913096,24/04/2003,407711549,133,6.8,3572
Basic,50000000,10782,en,14.327717,18/04/2003,42792561,98,6.2,290
Chasing Papi,0,24621,en,1.251134,16/04/2003,6126237,80,6.3,16
A Mighty Wind,6000000,13370,en,4.672036,16/04/2003,18750246,91,6.6,75
? ?¨??¥¥?¥?¥ ???«?? ?¨¥???¥?«¥?¯??¥¥?,0,197057,ru,0.402368,12/04/2003,234748,0,4.5,3
A Man Apart,36000000,8409,en,17.714247,04/04/2003,44350926,109,5.8,261
Don't Even Think,0,26841,ru,0.492666,31/03/2003,700000,82,4.8,4
Blue Collar Comedy Tour: The Movie,0,23626,en,1.578537,28/03/2003,604856,105,6,16
The Core,60000000,9341,en,11.664861,28/03/2003,74208267,136,5.5,531
Ned Kelly,0,10544,en,11.478361,22/03/2003,6585516,110,6.1,114
Dreamcatcher,68000000,6171,en,7.694847,21/03/2003,75715436,136,5.2,574
View from the Top,0,11523,en,5.506354,21/03/2003,15614000,87,5,145
Levity,7500000,21052,en,2.400607,16/03/2003,209151,100,5.9,26
Agent Cody Banks,28000000,10923,en,10.445141,14/03/2003,58795814,102,5,289
Monsieur Ibrahim,0,337,fr,8.260823,12/03/2003,11576431,94,7,39
Out of Time,50000000,2116,en,10.738888,10/03/2003,55495563,105,6.1,305
School of Rock,35000000,1584,en,17.95142,10/03/2003,131282949,108,6.8,1454
Dopamine,0,54973,en,0.401575,10/03/2003,22278,79,5,5
Foolproof,8256269,14527,en,7.474007,10/03/2003,460978,97,6.3,49
Freaky Friday,26000000,10330,en,7.867999,08/03/2003,110230332,97,6,919
Daddy Day Care,60000000,10708,en,6.504927,05/03/2003,164433867,92,5.6,526
Cradle 2 the Grave,25000000,10623,en,8.364587,28/02/2003,56489558,101,5.8,242
Facing Windows,0,29987,it,3.701538,27/02/2003,15530077,106,7,54
Gods and Generals,56000000,16072,en,5.374563,21/02/2003,12923936,214,6.1,49
The Life of David Gale,50000000,11615,en,9.930326,21/02/2003,38955598,130,7.3,497
Old School,24000000,11635,en,16.195894,21/02/2003,87055349,91,6.6,552
Daredevil,78000000,9480,en,11.415558,14/02/2003,179179718,103,5,1551
Intolerable Cruelty,60000000,11775,en,13.469862,09/02/2003,119940815,100,5.8,400
Calendar Girls,10000000,8696,en,5.109575,09/02/2003,96542059,108,6.6,94
Bummer,700000,62276,ru,1.400186,08/02/2003,1600000,110,6,18
"Legally Blonde 2: Red, White & Blonde",45000000,10327,en,7.288046,07/02/2003,124914842,95,5.2,386
Sinbad: Legend of the Seven Seas,60000000,14411,en,8.388773,07/02/2003,26288320,86,6.6,386
Terminator 3: Rise of the Machines,200000000,296,en,20.818907,07/02/2003,435000000,109,5.9,2177
Kaena: The Prophecy,0,11572,fr,1.369728,01/02/2003,8500,85,5.4,15
Biker Boyz,24000000,12253,en,11.269558,31/01/2003,23510601,110,5,63
Final Destination 2,26000000,9358,en,12.638573,31/01/2003,90426405,90,5.9,1046
The Recruit,0,1647,en,11.485473,31/01/2003,101191884,115,6.2,545
Whale Rider,8000000,1088,en,11.040186,30/01/2003,41400000,101,7.1,114
Taxi 3,14500000,2334,fr,5.892859,29/01/2003,65497208,82,5.5,367
The Station Agent,500000,2056,en,5.85469,26/01/2003,8679814,88,7.4,213
Tupac: Resurrection,300000,21525,en,2.409278,23/01/2003,7808524,112,8,26
"Milwaukee, Minnesota",0,38901,en,0.656954,21/01/2003,17350,95,4.3,2
Ong-Bak: The Thai Warrior,0,9316,th,7.89916,21/01/2003,15,105,7,556
The United States of Leland,0,13573,en,10.087404,18/01/2003,343816,108,6.5,91
A Guy Thing,20000000,9582,en,4.444724,17/01/2003,17432163,101,5.3,85
National Security,0,11078,en,6.409297,17/01/2003,50097949,88,5.5,244
The Mudge Boy,800000,26899,en,7.137026,17/01/2003,62852,94,7.3,24
The Lord of the Rings: The Return of the King,94000000,122,en,29.324358,12/01/2003,1118888979,201,8.1,8226
Matchstick Men,62000000,7270,en,5.539265,09/01/2003,65565672,116,6.9,515
The Dreamers,15000000,1278,en,6.685981,09/01/2003,15121165,115,7.2,680
American Wedding,55000000,8273,en,14.397139,08/01/2003,231449203,103,6,1158
Gigli,54000000,8046,en,11.415316,08/01/2003,7266209,121,3.5,105
Nola,0,112961,en,0.349913,01/01/2003,10550,97,0,0
The Mother,2500000,59210,en,3.551063,01/01/2003,1062253,112,6.3,18
Oldboy,3000000,670,ko,10.616859,01/01/2003,14980005,120,8,2000
Stander,0,18927,en,7.839675,01/01/2003,31651,116,6.1,27
Baghban,0,39839,hi,1.482993,01/01/2003,1100000,183,6,21
Confessions of a Dangerous Mind,30000000,4912,en,11.331072,30/12/2002,33013805,113,6.6,281
Confessions of a Dangerous Mind,30000000,4912,en,7.645827,30/12/2002,33013805,113,6.6,281
The Hours,25000000,590,en,14.686487,27/12/2002,41597830,114,7,461
Chicago,45000000,1574,en,13.325347,26/12/2002,306776732,113,6.9,695
Catch Me If You Can,52000000,640,en,19.833077,25/12/2002,352114312,141,7.7,3917
Pinocchio,40000000,10599,it,6.463613,25/12/2002,41323171,108,5.6,144
Antwone Fisher,12500000,13435,en,10.944654,19/12/2002,23367586,120,6.7,140
Two Weeks Notice,60000000,2642,en,7.738531,19/12/2002,93354918,101,5.9,505
Hero,31000000,79,zh,9.861765,19/12/2002,177394432,99,7.3,647
The Lord of the Rings: The Two Towers,79000000,121,en,29.423537,18/12/2002,926287400,179,8,7641
25th Hour,15000000,1429,en,10.271871,16/12/2002,13060843,135,7.2,640
Gangs of New York,100000000,3131,en,14.922399,14/12/2002,193772504,167,7.1,1964
Dark Blue,15000000,4911,en,4.98408,14/12/2002,9237470,118,6.5,86
Waking Up in Reno,0,21118,en,3.093697,13/12/2002,261603,91,5,23
Drumline,20000000,13497,en,5.270187,13/12/2002,57588485,118,6.2,118
The Hot Chick,0,11852,en,8.734328,13/12/2002,35081550,104,5.5,431
Maid in Manhattan,55000000,7303,en,7.291939,13/12/2002,154906693,105,5.6,493
Star Trek: Nemesis,60000000,201,en,11.367801,13/12/2002,67312826,117,6.1,488
About Schmidt,30000000,2755,en,11.066473,13/12/2002,105834556,125,6.7,365
Infernal Affairs,0,10775,cn,10.363082,12/12/2002,8708932,101,7.7,490
Reign of Fire,60000000,6278,en,13.067306,07/12/2002,43061982,101,6,684
Road to Perdition,80000000,4147,en,13.426684,07/12/2002,181001478,117,7.3,1102
The Sweetest Thing,43000000,11812,en,8.889064,04/12/2002,68696770,84,5.3,286
Cuban Rafters,0,27915,es,0.525869,04/12/2002,62153,120,9,2
The Good Girl,8000000,9962,en,4.388338,01/12/2002,16856124,93,6.1,183
Eight Crazy Nights,0,13376,en,11.788185,27/11/2002,23833131,76,5.3,100
Extreme Ops,40000000,15074,en,2.947411,27/11/2002,10959475,93,5,28
Solaris,47000000,2103,en,10.642824,27/11/2002,30002758,99,5.9,378
Treasure Planet,140000000,9016,en,16.141913,26/11/2002,109578115,95,7.2,980
Friday After Next,20000000,10426,en,5.794821,22/11/2002,33526835,85,6,103
The Quiet American,30000000,8198,en,8.230447,22/11/2002,27674124,101,6.5,82
Die Another Day,140000000,36669,en,12.996474,17/11/2002,431971116,133,5.8,1112
Harry Potter and the Chamber of Secrets,100000000,672,en,29.741452,13/11/2002,876688482,161,7.4,5966
Below,0,12590,en,11.19785,10/11/2002,605562,105,6,122
Tuck Everlasting,15000000,13768,en,5.951492,10/11/2002,19158074,90,6.4,133
Swept Away,10000000,12779,en,3.492576,10/11/2002,598645,89,4.8,52
Bend It Like Beckham,3500159,455,en,6.262677,04/11/2002,76578641,112,6.2,593
Secretary,4000000,11013,en,10.936827,01/11/2002,9304609,104,6.8,378
Blue Car,1000000,46989,en,2.154226,01/11/2002,464000,92,6.7,13
I Spy,70000000,8427,en,10.404277,31/10/2002,33561137,97,5.2,276
The Santa Clause 2,65000000,9021,en,5.205729,31/10/2002,172855065,104,5.5,303
28 Days Later,5000000,170,en,17.656951,31/10/2002,82719885,113,7.1,1816
Comedian,0,19973,en,7.938629,25/10/2002,2744253,82,6.8,21
Punch-Drunk Love,25000000,8051,en,6.753969,25/10/2002,17000000,95,6.9,542
Ghost Ship,35000000,9645,en,13.955376,25/10/2002,68349884,91,5.3,540
Paid in Full,0,13098,en,3.928278,25/10/2002,3090862,93,6.4,58
The Magdalene Sisters,0,8094,en,5.725912,24/10/2002,20957001,119,7.4,114
Bus 174,0,8439,en,1.512013,22/10/2002,217201,150,7.7,30
Jackass: The Movie,5000000,9012,en,14.095586,21/10/2002,64282312,87,6.1,355
The Ring,48000000,565,en,13.740965,18/10/2002,249348933,115,6.5,1720
Auto Focus,7000000,14112,en,7.936578,18/10/2002,2062066,104,6.1,56
Hansel & Gretel,0,49872,en,2.186679,16/10/2002,100477,89,5.9,12
Secret Things,0,35712,fr,3.768411,16/10/2002,105090,115,6.1,24
Abandon,25000000,15992,en,3.485213,14/10/2002,10719357,99,4.6,45
Unfaithful,50000000,2251,en,8.96839,05/10/2002,119137784,124,6.3,282
G,0,15155,en,0.884526,05/10/2002,3020784,96,6.8,7
Ice Age,59000000,425,en,17.328902,03/10/2002,383257136,81,7.1,3954
Queen of the Damned,35000000,11979,en,8.436243,02/10/2002,45479110,101,5.5,247
Red Dragon,78000000,9533,en,2.968157,29/09/2002,209196298,124,6.7,1142
Mondays in the Sun,4000000,54580,es,2.061389,27/09/2002,146402,113,7,37
Sweet Home Alabama,30000000,11529,en,8.587129,26/09/2002,180622424,108,6.1,408
The Pianist,35000000,423,en,14.811594,24/09/2002,120072577,150,8.1,1927
Amandla! A Revolution in Four-Part Harmony,0,22707,en,0.173464,21/09/2002,405331,103,8,3
Ballistic: Ecks vs. Sever,70000000,10550,en,9.094558,20/09/2002,19924033,91,4.3,99
Trapped,30000000,9039,en,5.781667,20/09/2002,6916869,106,5.8,140
Men with Brooms,7500000,34341,en,1.418177,20/09/2002,4245870,102,4.6,8
Funny Ha Ha,0,33693,en,1.147626,20/09/2002,76901,85,6.3,8
Igby Goes Down,9000000,9685,en,5.536107,13/09/2002,4777465,97,6.5,95
Pure,0,18072,en,5.682406,13/09/2002,102471,96,6.6,17
Bowling for Columbine,4000000,1430,en,11.393859,10/09/2002,35564473,120,7.3,467
Moonlight Mile,21000000,31005,en,14.074906,09/09/2002,10011050,117,6.4,54
Stevie,0,51927,en,0.489997,09/09/2002,97000,140,6.7,13
Phone Booth,13000000,1817,en,9.142772,09/09/2002,97837138,81,6.7,1087
xXx,70000000,7451,en,12.722381,08/09/2002,277448382,124,5.8,1454
FearDotCom,40000000,9544,en,5.160215,08/09/2002,18902015,101,3.2,106
Three,0,54117,ko,0.938167,07/09/2002,2425000,140,5.9,18
Roger Dodger,0,13441,en,3.529256,05/09/2002,1260761,106,6.3,61
Na Tum Jaano Na Hum,350000,83902,hi,0.736613,05/09/2002,6100000,151,4.4,5
Ken Park,1300000,7090,en,12.630419,31/08/2002,447741,97,5.7,136
Agnivarsha: The Fire and the Rain,0,97350,hi,0.047908,30/08/2002,25049,130,5,1
Frida,12000000,1360,en,11.283472,29/08/2002,56298474,123,7.3,397
S1m0ne,0,9296,en,5.759483,23/08/2002,19576023,117,5.5,266
Undisputed,20000000,15070,en,13.35278,23/08/2002,12398628,96,6.1,141
One Hour Photo,12000000,9357,en,10.753445,21/08/2002,52223306,96,6.6,444
Serving Sara,29000000,12771,en,10.16841,20/08/2002,16930185,100,5,86
The Adventures of Pluto Nash,100000000,11692,en,8.903754,15/08/2002,7103973,95,4.4,143
8 Mile,41000000,65,en,8.374355,11/08/2002,215000000,110,6.8,1676
Desmundo,3,161244,pt,0.26507,11/08/2002,3,101,9,1
The Four Feathers,35000000,9093,en,6.894153,09/08/2002,29882645,132,6.5,164
Blue Crush,25000000,9266,en,6.455738,08/08/2002,51842679,104,5.6,164
All About the Benjamins,14000000,13950,en,3.909079,03/08/2002,25482931,95,5.9,52
Big Fat Liar,15000000,11870,en,4.643981,02/08/2002,52970014,88,5.6,202
The Crocodile Hunter: Collision Course,0,17043,en,3.148745,26/07/2002,33082548,90,5.4,35
Austin Powers in Goldmember,63000000,818,en,8.786653,26/07/2002,296655431,94,5.9,997
K-19: The Widowmaker,100000000,8665,en,7.718723,19/07/2002,35168966,138,6.1,273
Stuart Little 2,120000000,10996,en,9.274909,19/07/2002,169956806,78,5.4,632
The Cat Returns,0,15370,ja,11.639023,19/07/2002,522911,75,7.2,364
Pok??mon Heroes: Latios and Latias,0,33875,cs,4.01309,13/07/2002,20867919,71,5.7,71
Spy Kids 2: The Island of Lost Dreams,38000000,9488,en,7.164131,08/07/2002,119723358,100,5.3,533
Bad Company,70000000,3132,en,9.540021,06/07/2002,65977295,116,5.4,232
The Legend of Bhagat Singh,3000000,31525,hi,0.904409,06/07/2002,6000000,155,7.2,15
Changing Lanes,45000000,1537,en,7.81862,04/07/2002,94935764,89,5.9,306
Mr. Deeds,50000000,2022,en,6.674356,28/06/2002,171269535,96,5.6,660
Lilo & Stitch,80000000,11544,en,18.469238,21/06/2002,145771527,85,7.1,1371
Dahmer,250000,25853,en,3.66229,21/06/2002,144008,101,5.2,56
Minority Report,102000000,180,en,20.666063,20/06/2002,358372926,145,7.1,2663
Erkan & Stefan 2,0,1615,de,0.889831,20/06/2002,4508104,80,4.1,8
The Bourne Identity,60000000,2501,en,21.040126,14/06/2002,214034224,119,7.3,3640
Scooby-Doo,84000000,9637,en,8.592826,14/06/2002,275650703,88,5.4,853
Windtalkers,115000000,12100,en,7.455875,14/06/2002,77628265,134,5.8,345
Analyze That,60000000,9932,en,9.927412,12/06/2002,55003135,96,5.7,385
Empire,4000000,13369,en,2.148655,12/06/2002,18591272,90,6.4,33
Adaptation.,19000000,2757,en,11.624481,12/06/2002,32801173,114,7.3,649
Equilibrium,20000000,7299,en,12.671637,12/06/2002,5359645,107,6.9,1584
House of Fools,2500000,72996,ru,0.870645,12/06/2002,57862,104,5.7,9
Femme Fatale,35000000,9280,en,6.426438,11/06/2002,16838910,114,6.2,142
Deathwatch,0,12576,en,4.766826,10/06/2002,2270658,94,5.9,59
City By The Sea,40000000,13536,en,3.903016,09/06/2002,22433915,108,5.7,92
Swimfan,8500000,20616,en,8.421411,09/06/2002,34411240,84,5,71
L'imbalsamatore,0,35265,it,1.40558,09/06/2002,56878,101,7,17
The Star,1300000,54474,ru,0.321524,05/06/2002,809000,97,5,7
Collateral Damage,85000000,9884,en,10.175503,02/06/2002,78382433,108,5.5,431
The Sum of All Fears,68000000,4614,en,9.268136,31/05/2002,193000000,124,5.9,447
Undercover Brother,25000000,12277,en,5.00725,31/05/2002,41604473,86,5.5,113
Enough,38000000,1957,en,6.681287,24/05/2002,51801187,114,6.2,268
Insomnia,46000000,320,en,11.424974,24/05/2002,113714830,118,6.8,1181
Spirit: Stallion of the Cimarron,80000000,9023,en,16.724836,24/05/2002,122563539,83,7.4,870
Russian Ark,0,16646,ru,8.815485,22/05/2002,6723732,99,7.2,102
Irreversible,0,979,fr,16.76382,22/05/2002,792,97,7.1,550
Washington Heights,0,251053,en,0.601936,22/05/2002,156021,89,8.5,3
Ten,0,14633,fa,0.984515,20/05/2002,105656,94,6.4,19
Waiting for Happiness,0,47226,fr,0.35233,19/05/2002,7406,91,4,7
The Spanish Apartment,5300000,1555,fr,5.94395,17/05/2002,3897799,122,7,276
Raising Victor Vargas,800000,25461,en,1.178723,16/05/2002,2816116,88,7.8,14
Star Wars: Episode II - Attack of the Clones,120000000,1894,en,14.072511,15/05/2002,649398328,142,6.4,4074
Villan,500000,69417,en,0.45621,12/05/2002,500000,157,6.7,5
Brown Sugar,8000000,37964,en,3.142874,10/05/2002,27362712,109,7,31
Big Trouble,40000000,2185,en,5.761051,04/05/2002,8493890,85,6.3,82
City of God,3300000,598,pt,14.95927,02/05/2002,30641770,130,8.2,1852
Life or Something Like It,40000000,16643,en,6.332398,26/04/2002,16872671,103,5.7,126
About a Boy,27000000,245,en,10.956665,26/04/2002,129000000,101,6.6,627
Murder by Numbers,50000000,11892,en,9.645801,19/04/2002,56714147,120,6,275
Joshua,0,18323,en,1.109111,19/04/2002,1347988,91,7.8,6
The Scorpion King,60000000,9334,en,9.488117,16/04/2002,165333180,92,5.3,802
Company,1500000,15761,hi,1.472352,15/04/2002,6000000,156,6.3,16
Blood Work,50000000,9573,en,5.852263,08/04/2002,26199517,110,6.1,210
The Time Machine,80000000,2135,en,8.918134,03/04/2002,123729176,96,5.8,644
D-Tox,55000000,10375,en,13.374415,01/04/2002,6416302,96,5.4,126
Panic Room,48000000,4547,en,14.969502,29/03/2002,196397415,111,6.6,1303
Teddy Bears' Picnic,0,184835,en,0.022347,29/03/2002,28149,80,0,0
National Lampoon??s Van Wilder,5000000,11452,en,7.668576,29/03/2002,38275483,92,5.9,867
Sympathy for Mr. Vengeance,4000000,4689,ko,6.314697,29/03/2002,1954937,121,7.3,302
He Loves Me... He Loves Me Not,0,12112,fr,4.421311,27/03/2002,5126264,92,6.9,79
The Rookie,20000000,14635,en,10.991137,25/03/2002,75597042,127,6.5,112
Blade II,54000000,36586,en,17.05064,22/03/2002,155010032,117,6.3,1556
Clockstoppers,26000000,15028,en,5.373623,17/03/2002,38793283,94,4.9,89
Clockstoppers,26000000,15028,en,4.920175,17/03/2002,38793283,94,4.9,90
Resident Evil,33000000,1576,en,7.781293,15/03/2002,102984862,100,6.4,2100
Showtime,85000000,5851,en,4.917863,14/03/2002,77741732,95,5.3,286
Talk to Her,9285469,64,es,6.648278,14/03/2002,51001550,112,7.5,273
Men in Black II,140000000,608,en,16.775716,07/03/2002,441818803,88,6.1,3188
The Powerpuff Girls Movie,10000000,59387,en,5.024459,07/03/2002,11411644,77,5.6,49
High Crimes,42000000,11560,en,8.371005,04/03/2002,63781810,115,6.1,187
Dragonfly,60000000,10052,en,4.924078,22/02/2002,52322400,104,6.2,209
My Big Fat Greek Wedding,5000000,8346,en,6.719949,22/02/2002,368744044,95,6.2,686
Crossroads,12000000,17130,en,6.631356,15/02/2002,61141030,93,4.7,161
Hart's War,70000000,10592,en,14.116474,15/02/2002,32287044,125,5.9,246
John Q,36000000,8470,en,8.867562,15/02/2002,102244770,116,7,604
Return to Never Land,20000000,16690,en,8.759774,14/02/2002,109862682,72,6.1,304
The Twilight Samurai,5000000,12496,ja,4.281103,11/02/2002,7338987,129,7.5,95
Possession,25000000,30072,en,4.439325,10/02/2002,10113733,102,6.5,54
The Transporter,21000000,4108,en,13.217421,10/02/2002,43928932,92,6.6,1724
Naqoyqatsi,3000000,21925,en,2.850011,09/02/2002,13308,89,6.1,37
Sky. Plane. Girl.,0,66085,ru,0.518078,09/02/2002,314195,91,4.3,5
Full Frontal,2000000,15186,en,2.186683,08/02/2002,2506446,96,4.8,26
Signs,72000000,2675,en,11.211568,08/02/2002,408247917,106,6.4,1624
Asterix & Obelix: Mission Cleopatra,0,2899,fr,11.117405,29/01/2002,111127553,108,7.2,782
The Mothman Prophecies,32000000,2637,en,8.50563,25/01/2002,55157539,119,6.1,307
A Walk to Remember,11000000,10229,en,8.054499,25/01/2002,41227069,101,7.5,1057
The Count of Monte Cristo,35000000,11362,en,10.765924,23/01/2002,75395048,131,7.3,463
State Property,0,25006,en,0.620718,18/01/2002,2106838,88,4.4,10
The Kid Stays in the Picture,40000,29047,en,2.6493,18/01/2002,1434436,93,7.3,19
Long Time Dead,0,27259,en,1.818561,18/01/2002,13102295,94,4.5,30
Bloody Sunday,0,4107,en,7.757913,16/01/2002,773228,107,7.2,54
Skins,0,50123,en,0.914404,14/01/2002,249204,84,6,1
Narc,6500000,11022,en,5.20644,14/01/2002,12633747,105,6.8,144
May,500000,10894,en,8.398158,13/01/2002,150277,93,6.3,153
Tadpole,150000,39141,en,9.203416,11/01/2002,2891288,78,5.5,19
Boat Trip,20000000,9557,en,6.515316,10/01/2002,8586376,94,4.7,148
Far from Heaven,13500000,10712,en,10.107519,09/01/2002,29027914,107,6.9,145
Martin Lawrence Live: Runteldat,3000000,20337,en,0.527297,08/01/2002,19184015,113,5,1
Antikiller,5000000,41955,ru,0.191539,08/01/2002,340312,113,4.8,5
Halloween: Resurrection,13000000,11442,en,8.502529,07/01/2002,37664855,94,4.5,230
Spider-Man,139000000,557,en,29.413341,05/01/2002,821708551,121,6.8,5398
Barbershop,12000000,10611,en,6.498789,04/01/2002,75781642,102,6.2,139
We Were Soldiers,75000000,10590,en,11.34706,03/01/2002,114660784,138,6.7,531
Slackers,14000000,20009,en,8.559189,02/01/2002,6413915,86,5.4,60
Atanarjuat: The Fast Runner,1934000,13245,en,1.135061,02/01/2002,3786801,172,6.3,21
Salton Sea,18000000,11468,en,12.106615,01/01/2002,676698,103,7,109
Beyond the Gates of Splendor,0,61340,en,0.002354,01/01/2002,38,96,0,0
A Little Night Music,200000,70527,sr,0.164585,01/01/2002,286000,95,7.8,4
Black Hawk Down,92000000,855,en,10.064446,28/12/2001,172989651,144,7.2,1832
I Am Sam,22000000,10950,en,12.935016,28/12/2001,92542418,132,7.2,542
Requiem,0,2104,en,1.286005,28/12/2001,60700,98,5,2
How High,12000000,8386,en,6.796277,21/12/2001,31155435,93,6.4,230
Jimmy Neutron: Boy Genius,25000000,12589,en,7.308162,21/12/2001,80936232,83,5.6,235
The Majestic,72000000,11086,en,8.063684,21/12/2001,37317558,152,6.6,193
The Lord of the Rings: The Fellowship of the Ring,93000000,120,en,32.070725,18/12/2001,871368364,178,8,8892
Charlotte Gray,0,12660,en,11.34469,17/12/2001,741394,121,6.1,31
Winged Migration,35866397,11516,fr,3.68993,12/12/2001,20217080,98,7.1,50
Bandits,75000000,3172,en,13.136791,10/12/2001,67631903,123,6.2,307
Corky Romano,11000000,17708,en,4.890067,10/12/2001,23978402,86,4.1,54
Shaolin Soccer,0,11770,cn,8.461631,07/12/2001,42776760,113,6.6,504
Crocodile Dundee in Los Angeles,21150000,9290,en,6.640385,04/12/2001,39438674,92,4.7,149
The Other Side of Heaven,7000000,16651,en,1.782377,04/12/2001,4720371,113,6.7,14
Revelation,0,59095,fr,0.625099,04/12/2001,10000000,0,2.9,9
Antitrust,30000000,9989,en,8.142166,01/12/2001,18195610,108,5.8,156
Save the Last Dance,13000000,9816,en,4.794088,01/12/2001,91038276,112,6.3,359
Sidewalks of New York,1000000,31016,en,2.678923,23/11/2001,2402459,107,5.6,16
Novocaine,6000000,20794,en,3.916221,23/11/2001,2025238,95,6,44
Out Cold,24000000,14369,en,4.197544,21/11/2001,14782676,89,5.8,53
Spy Game,92000000,1535,en,18.186839,18/11/2001,143049560,126,6.8,592
Behind Enemy Lines,40000000,8007,en,11.185625,17/11/2001,91753202,106,6,464
Frailty,11000000,12149,en,7.397953,17/11/2001,13110448,100,7,338
The Wash,7000000,13408,en,2.483032,16/11/2001,10229331,93,5.3,26
Harry Potter and the Philosopher's Stone,125000000,671,en,38.187238,16/11/2001,976475550,152,7.5,7188
A Beautiful Mind,60000000,453,en,11.93646,12/11/2001,313542341,135,7.7,3087
Ali,107000000,8489,en,9.303104,12/11/2001,87713825,157,6.7,457
Monster's Ball,4000000,1365,en,6.341187,11/11/2001,44909486,111,6.6,254
Lara Croft: Tomb Raider,115000000,1995,en,15.851722,06/11/2001,274703340,100,5.7,2235
A Knight's Tale,65000000,9476,en,10.90061,05/11/2001,117487473,132,6.6,933
Sordid Lives,0,19094,en,1.650666,05/11/2001,1079726,111,5.8,14
The Trumpet Of The Swan,0,54491,en,0.851599,05/11/2001,100202,75,5.1,13
Down,15000000,19058,en,1.158196,05/11/2001,163169,111,4.1,18
The Tailor of Panama,21000000,2575,en,6.226933,02/11/2001,28008462,109,6.2,97
Domestic Disturbance,75000000,11456,en,6.353996,30/10/2001,54249294,89,5.4,115
Bones,10000000,11380,en,6.513545,24/10/2001,7316658,96,4.3,36
K-PAX,48000000,167,en,12.400152,22/10/2001,50315140,120,7.1,710
From Hell,35000000,768,en,7.79014,19/10/2001,74558115,122,6.6,758
The Last Castle,72000000,2100,en,9.807552,19/10/2001,27642707,131,7,290
Riding in Cars with Boys,48000000,11091,en,4.556123,19/10/2001,35743308,132,6.5,108
All The Queen's Men,15000000,31668,en,1.652275,14/10/2001,23000,99,6.1,7
Vanilla Sky,68000000,1903,en,10.071057,12/10/2001,203388341,136,6.5,1100
American Pie 2,30000000,2770,en,10.25103,08/10/2001,287553595,108,6,1375
Session 9,1500000,10972,en,14.242234,08/10/2001,373967,100,6.2,255
Joe Dirt,17700000,10956,en,10.442468,04/10/2001,30987695,91,5.5,247
Don's Plum,0,37857,en,5.339888,02/10/2001,6297,89,6.3,18
American Adobo,344,50819,en,0.158651,29/09/2001,4,104,5.3,3
Don't Say a Word,50000000,12103,en,6.824871,28/09/2001,100020092,113,6,223
Zoolander,28000000,9398,en,10.40782,28/09/2001,60780981,89,6.1,1363
Extreme Days,0,45864,en,0.266895,28/09/2001,1,93,5.9,5
Glitter,22000000,10696,en,5.420686,21/09/2001,5271666,104,3.4,38
Ayurveda: Art of Being,300000,73981,en,0.113042,20/09/2001,2074000,101,5.5,3
The Glass House,30000000,2176,en,6.418936,14/09/2001,23619609,106,5.4,203
Hardball,32000000,20857,en,7.674549,14/09/2001,40222729,106,6.3,126
Snipes,0,26056,en,2.0769,13/09/2001,70569,113,7.5,2
Asoka,0,4435,hi,1.484908,13/09/2001,19000000,155,5.8,28
Moulin Rouge!,52500000,824,en,13.691781,03/09/2001,179213434,127,7.4,1348
Saving Silverman,22000000,10878,en,8.526823,02/09/2001,19351569,90,5.4,155
The Pledge,35000000,5955,en,12.806634,01/09/2001,29400000,123,6.6,221
O,0,11065,en,5.378833,31/08/2001,16017403,95,5.8,75
Lovely & Amazing,250000,50035,en,2.605409,31/08/2001,4186931,91,6.3,23
Ghosts of Mars,28000000,10016,en,7.058599,24/08/2001,14010832,98,4.8,299
Sex and Lucia,0,1364,es,8.164312,24/08/2001,2628241,128,6.6,132
Jay and Silent Bob Strike Back,22000000,2294,en,11.619446,22/08/2001,33788161,104,6.4,491
Summer Catch,34000000,26602,en,5.499867,22/08/2001,19693891,108,4.8,63
Tortilla Soup,0,15104,en,4.101369,21/08/2001,4574762,103,5.8,14
American Outlaws,35000000,13496,en,10.855383,17/08/2001,13678913,94,5.7,56
Captain Corelli's Mandolin,57000000,1722,en,9.243715,17/08/2001,62112895,131,5.6,146
Evolution,80000000,9397,en,5.395127,06/08/2001,98376292,101,5.7,650
Y Tu Mam?­ Tambi??n,5000000,1391,es,13.962548,06/08/2001,33616692,106,7.3,321
Citizen,500000,69399,en,0.233572,06/08/2001,500000,157,5.9,6
Hannibal,87000000,9740,en,2.48875,02/08/2001,351692268,131,6.4,1296
Rat Race,48000000,9896,en,12.330275,30/07/2001,85498534,112,6,531
Millennium Actress,0,33320,ja,5.330725,28/07/2001,37641,87,7.8,123
Greenfingers,0,33379,en,6.618392,27/07/2001,1443067,91,6.6,15
Wet Hot American Summer,5000000,2171,en,6.386082,27/07/2001,295206,97,6.4,271
Jackpot,400000,196859,en,0.218588,26/07/2001,43719,97,6,1
Planet of the Apes,100000000,869,en,17.319836,25/07/2001,362211740,119,5.6,1270
Jason X,11000000,11470,en,7.793873,24/07/2001,16951798,91,4.5,298
Dil Chahta Hai,2079000,14752,en,4.558793,24/07/2001,4099000,183,7.1,71
Spirited Away,15000000,129,ja,41.048867,20/07/2001,274925095,125,8.3,3968
Jurassic Park III,93000000,331,en,0.648867,18/07/2001,368780809,92,5.7,2109
Legally Blonde,18000000,8835,en,12.769371,13/07/2001,141774679,96,6.2,908
The Score,68000000,11371,en,14.741992,13/07/2001,71069884,124,6.7,436
Made,5000000,15745,en,3.531682,13/07/2001,5476060,94,6.3,55
Tum Bin,0,64880,hi,0.371679,13/07/2001,1486992,158,7.1,8
Ocean's Eleven,85000000,161,en,12.114932,12/07/2001,450717150,116,7.2,3857
Not Another Teen Movie,16000000,11397,en,9.101896,12/07/2001,66468332,89,5.5,444
The 51st State,28,1613,en,6.368323,12/07/2001,14,93,5.9,173
Gosford Park,19800000,5279,en,14.101101,11/07/2001,87754044,137,6.8,256
The Musketeer,40000000,11370,en,4.260945,09/07/2001,27053815,104,5.2,56
Haiku Tunnel,0,75386,en,0.100465,09/07/2001,251058,88,7,2
Hearts in Atlantis,31000000,11313,en,6.425321,09/07/2001,24185781,101,6.5,132
Knockaround Guys,15000000,7501,en,6.557426,09/07/2001,12000000,92,5.9,99
Osmosis Jones,75000000,12610,en,6.405831,08/07/2001,13596911,95,6,237
Swordfish,102000000,9705,en,9.646208,06/07/2001,147080413,99,6.1,946
All Over the Guy,0,21055,en,7.332279,03/07/2001,1051948,95,5.6,23
Would I Lie to You? 2,12560000,31359,fr,4.052991,02/07/2001,42700000,105,6.4,81
A.I. Artificial Intelligence,100000000,644,en,13.249364,29/06/2001,235926552,146,6.8,2011
Crazy/Beautiful,13000000,10691,en,6.236729,29/06/2001,16929123,99,6.6,98
Baby Boy,16000000,16161,en,9.503157,27/06/2001,29381649,130,7.3,57
Dr. Dolittle 2,70000000,10808,en,7.906683,22/06/2001,176104344,87,4.9,422
The Fast and the Furious,38000000,9799,en,1.406181,22/06/2001,207283925,106,6.6,3485
An American Rhapsody,0,37920,en,4.284793,22/06/2001,850225,106,6,14
Bully,0,9517,en,4.877774,15/06/2001,480811,113,6.7,125
Lagaan: Once Upon a Time in India,5200000,19666,hi,4.97451,15/06/2001,8100000,224,7.2,125
Kiss of the Dragon,25000000,2140,en,7.637345,07/06/2001,64437847,98,6.4,304
Pok??mon 4Ever: Celebi - Voice of the Forest,0,12600,ja,7.072301,07/06/2001,28023563,75,5.7,82
Pok??mon 4Ever: Celebi - Voice of the Forest,0,12600,ja,6.080108,07/06/2001,28023563,75,5.7,82
Along Came a Spider,60000000,2043,en,13.214068,04/06/2001,105178561,104,6.1,408
Metropolis,14500000,9606,ja,9.298092,26/05/2001,95789342,108,6.8,99
Very Annie Mary,0,62956,en,0.474556,25/05/2001,46352,104,6.5,2
Pearl Harbor,140000000,676,en,11.419388,21/05/2001,449220945,183,6.6,1833
Human Nature,6000000,441,en,7.714094,18/05/2001,705308,96,6.1,74
Shrek,60000000,808,en,17.987728,16/05/2001,484409218,90,7.3,4183
Mulholland Drive,15000000,1018,en,18.184056,16/05/2001,20117339,147,7.7,1517
Angel Eyes,53000000,5852,en,5.3962,15/05/2001,29700000,102,5.5,91
The Piano Teacher,3000000,1791,fr,6.363081,14/05/2001,9801375,131,7.2,197
Training Day,45000000,2034,en,13.664622,10/05/2001,104876233,122,7.3,1665
Joy Ride,23000000,10866,en,10.337689,10/05/2001,36642838,97,6.3,328
Max Keeble's Big Move,12000000,34549,en,2.828884,10/05/2001,17292381,86,5.4,33
Serendipity,28000000,9778,en,5.715737,10/05/2001,77516304,90,6.6,529
The Royal Tenenbaums,21000000,9428,en,9.707542,10/05/2001,71441250,110,7.4,1317
The Mummy Returns,98000000,1734,en,16.945657,28/04/2001,433013274,130,6,2258
Driven,94000000,10477,en,5.310558,27/04/2001,54744738,116,4.5,180
Town & Country,90000000,24113,en,1.901065,27/04/2001,10372291,104,4.1,18
Am??lie,10000000,194,fr,12.879381,25/04/2001,173921954,122,7.8,3403
Kissing Jessica Stein,1000000,15647,en,3.374229,21/04/2001,10013424,97,5.9,50
"The Bread, My Sweet",600000,43664,en,0.958152,21/04/2001,1023156,105,5,6
The Devil's Backbone,4500000,1433,es,11.111299,20/04/2001,6459020,106,7.2,277
Bridget Jones's Diary,25000000,634,en,10.780524,13/04/2001,281929795,97,6.6,1397
Rock Star,57000000,12508,en,10.076223,09/04/2001,16991902,105,6,194
Cats & Dogs,60000000,10992,en,8.142251,07/04/2001,93375151,87,5,363
Scary Movie 2,45000000,4248,en,10.869056,07/04/2001,141220678,83,5.4,1019
Blow,53000000,4133,en,12.332223,04/04/2001,83282296,124,7.4,1352
Tomcats,11000000,10646,en,4.63422,30/03/2001,23430766,95,4.9,75
Brigham City,1000000,26791,en,0.202478,30/03/2001,852206,119,7.3,4
Yolngu Boy,0,18017,en,0.407732,22/03/2001,671,88,6,3
Spy Kids,35000000,10054,en,9.576745,18/03/2001,147934180,88,5.5,893
His Secret Life,0,23550,it,3.83196,16/03/2001,215339,106,7,84
Enemy at the Gates,68000000,853,en,10.704813,13/03/2001,96976270,131,7.2,1023
Exit Wounds,50000000,10877,en,12.280827,13/03/2001,79958599,101,5.3,111
Festival in Cannes,0,120694,en,0.295987,11/03/2001,299171,100,0,0
Original Sin,42000000,2057,en,9.970359,08/03/2001,35402320,118,5.8,200
The Princess Diaries,37000000,9880,en,7.387171,08/03/2001,165335153,115,6.5,1063
Rush Hour 2,90000000,5175,en,8.345985,08/03/2001,347325802,90,6.4,1078
The Cat's Meow,7000000,35080,en,13.546984,08/03/2001,3646994,114,6,33
Monkeybone,75000000,23685,en,8.893957,23/02/2001,5409517,93,4.2,79
3000 Miles to Graceland,62000000,12138,en,4.76448,23/02/2001,18720175,125,5.8,181
Haunted Castle,0,58904,en,0.695382,23/02/2001,13651656,38,5,2
Sweet November,40000000,1921,en,14.840318,16/02/2001,65754228,119,6.4,292
The One,49000000,10796,en,9.769047,11/02/2001,72700000,87,5.7,445
Final Fantasy: The Spirits Within,137000000,2114,en,10.223851,07/02/2001,85131830,106,5.9,441
Atlantis: The Lost Empire,120000000,10865,en,10.901602,06/02/2001,186053725,95,6.7,1257
Head Over Heels,14000000,24940,en,5.594987,02/02/2001,10424470,86,5.3,73
Brotherhood of the Wolf,29000000,6312,fr,11.564252,31/01/2001,70752904,137,6.6,404
Recess: School's Out,10000000,19405,en,4.195694,27/01/2001,44460850,83,6.6,68
The Wedding Planner,35000000,2018,en,8.056016,26/01/2001,94728529,103,5.4,433
The Low Down,0,153141,en,0.490728,26/01/2001,32395,96,0,0
Tape,100000,23949,en,3.580063,26/01/2001,490475,86,6.9,63
Sugar & Spice,11000000,16723,en,7.715908,24/01/2001,13276953,81,5.7,60
Waking Life,0,9081,en,12.051214,23/01/2001,3176880,99,7.6,250
Enigma,0,10491,en,21.520641,22/01/2001,15705007,119,6,74
L.I.E.,700000,18734,en,8.66635,20/01/2001,1667192,97,6.7,31
Avalon,8000000,10881,pl,5.019679,20/01/2001,8826094,107,6.8,93
The Believer,1500000,4012,en,8.128106,19/01/2001,416925,98,6.8,152
Donnie Darko,6000000,141,en,18.303148,18/01/2001,1270522,113,7.7,3574
Super Troopers,3000000,39939,en,7.351028,18/01/2001,18492362,100,6.6,367
The Accidental Spy,25697387,11847,cn,3.136813,18/01/2001,3849941,87,5.9,120
Dheena,500000,69401,ta,0.349478,14/01/2001,500000,157,5.3,5
"Monsters, Inc.",115000000,585,en,26.419962,11/01/2001,562816256,92,7.5,6150
Shallow Hal,40000000,9889,en,12.520688,11/01/2001,141069860,114,5.7,764
Jeepers Creepers,10000000,8922,en,10.414363,07/01/2001,59217789,90,6.1,731
The Animal,22000000,11090,en,8.473369,06/01/2001,84772742,84,4.6,310
The Mexican,57000000,6073,en,9.958406,03/01/2001,147845033,123,5.8,453
15 Minutes,60000000,2749,en,12.149946,03/01/2001,56359980,120,5.7,194
Blow Dry,0,17203,en,3.553887,03/01/2001,637769,91,5.8,39
Happy Times,1900000,45861,zh,0.653271,31/12/2000,240093,102,6.4,9
Traffic,48000000,1900,en,8.338222,27/12/2000,207515725,147,6.9,573
Thirteen Days,80000000,11973,en,10.204559,24/12/2000,34566746,145,6.9,192
The Gift,10000000,2046,en,7.886926,22/12/2000,12008642,111,6.4,288
Cast Away,90000000,8358,en,21.296343,22/12/2000,429632142,143,7.5,3304
Dracula 2000,28000000,10577,en,6.000716,22/12/2000,33000337,99,4.6,150
Finding Forrester,43000000,711,en,10.536255,21/12/2000,80049764,136,7,305
Battle Royale,4500000,3176,ja,12.701098,16/12/2000,25000000,114,7.3,992
"Dude, Where??s My Car?",13000000,8859,en,10.890236,15/12/2000,73180723,83,5.3,523
What Women Want,70000000,3981,en,9.963079,15/12/2000,374111707,127,6.1,1021
Chocolat,25000000,392,en,8.9256,14/12/2000,152500343,121,6.8,979
Miss Congeniality,45000000,1493,en,9.510762,14/12/2000,212000000,111,6.1,987
Pay It Forward,40000000,10647,en,10.479723,10/12/2000,55707411,122,7,447
King of the Jungle,0,140511,en,0.938234,10/12/2000,27,87,5,1
Werckmeister Harmonies,0,23160,hu,7.970312,07/12/2000,25461,145,7.4,61
Center Stage,18000000,10560,en,10.491734,05/12/2000,17200925,115,6.8,95
Hamlet,2000000,10688,en,12.896203,05/12/2000,1568749,112,6,35
Next Friday,11000000,10471,en,10.06545,01/12/2000,59827328,98,6.5,145
Quills,13500000,10876,en,5.387711,22/11/2000,7060876,124,6.8,129
The 6th Day,82000000,8452,en,8.41311,17/11/2000,96085477,123,5.7,603
How the Grinch Stole Christmas,123000000,8871,en,11.642462,17/11/2000,345141403,104,6.2,1440
Ed Gein,0,55888,en,2.475288,17/11/2000,5708,89,4.8,25
Bounce,35000000,10862,en,13.349518,15/11/2000,36779296,106,5.5,120
Unbreakable,75000000,9741,en,14.67855,13/11/2000,248118121,106,6.9,1994
Memento,9000000,77,en,15.450789,10/11/2000,39723096,113,8.1,4168
The Beach,40000000,1907,en,14.430311,02/11/2000,144056873,119,6.3,1271
The Tigger Movie,30000000,15655,en,7.023414,02/11/2000,45554533,77,6.3,146
Trois,200000,77908,en,0.06431,02/11/2000,1160268,93,4.5,1
Secret Society,0,161080,en,0.042036,29/10/2000,4275,92,0,0
Requiem for a Dream,4500000,641,en,6.874828,27/10/2000,7390108,102,7.9,2525
The Little Vampire,22000000,24100,en,9.41834,27/10/2000,13555988,95,6,79
Bedazzled,48000000,1636,en,8.781588,19/10/2000,90383208,93,5.6,526
The Ladies Man,24000000,16888,en,3.755409,13/10/2000,13700000,84,5.7,35
Red Planet,80000000,8870,en,8.534176,11/10/2000,33463969,106,5.4,271
Battlefield Earth,44000000,5491,en,5.276926,05/10/2000,21400000,118,3,259
Mission to Mars,90000000,2067,en,9.021107,03/10/2000,60874615,114,5.7,374
Remember the Titans,30000000,10637,en,6.587726,29/09/2000,136706683,113,7.4,835
The Weight of Water,16000000,13526,en,2.488424,25/09/2000,109130,113,5.6,33
Under Suspicion,25000000,10562,en,11.839267,24/09/2000,260562,110,6.4,104
The House of Mirth,10000000,25520,en,2.492547,23/09/2000,5164404,140,6.4,25
Urban Legends: Final Cut,14000000,12212,en,12.243528,19/09/2000,38574362,97,4.4,102
Almost Famous,60000000,786,en,9.086699,15/09/2000,47383689,122,7.4,807
Rugrats in Paris: The Movie,30,16340,it,5.568359,14/09/2000,103,78,6,101
Men of Honor,32000000,11978,en,7.177649,13/09/2000,48814909,129,7,556
Vulgar,120000,19085,en,1.62632,13/09/2000,14904,87,5.3,16
The Emperor's New Groove,100000000,11688,en,12.297375,12/09/2000,169327687,78,7.2,1544
Brother,12000000,327,ja,8.134524,09/09/2000,15250000,114,6.8,107
Gone in Sixty Seconds,90000000,9679,en,14.091765,06/09/2000,237202299,118,6.1,1511
Josh,6900000,131940,hi,4.0315,06/09/2000,15000000,162,6,15
Adanggaman,0,78248,fr,0.071765,31/08/2000,28,90,7.5,2
One Hundred Steps,0,29458,it,4.67525,31/08/2000,1805884,114,7.8,116
"O Brother, Where Art Thou?",26000000,134,en,12.434175,30/08/2000,71868327,106,7.3,1144
Bring It On,28000000,1588,en,6.402888,25/08/2000,90449929,98,5.8,574
The Art of War,40000000,11398,en,9.800232,23/08/2000,30199105,117,5.6,136
The Cell,33000000,8843,en,13.234894,17/08/2000,104155843,107,6,442
"Me, You, Them",1900000,82103,pt,1.075939,17/08/2000,2070806,104,6.5,14
"Harry, He's Here To Help",0,47943,fr,2.042116,15/08/2000,3818452,117,6.7,47
Dungeons & Dragons,35000000,11849,en,4.884311,12/08/2000,15185241,107,3.9,159
Vertical Limit,75000000,11678,en,6.548229,12/08/2000,215663859,124,5.9,287
The Way of the Gun,8500000,1619,en,6.03633,09/08/2000,19125401,119,6.4,106
Fiza,1000000,56666,hi,0.254553,09/08/2000,623791,170,6.1,7
Pok??mon: Spell of the Unknown,16000000,10991,ja,10.264597,07/08/2000,68411275,93,6,143
Pok??mon: Spell of the Unknown,16000000,10991,ja,6.480376,07/08/2000,68411275,93,6,144
Space Cowboys,65000000,5551,en,7.45761,31/07/2000,128884132,130,6.3,407
Coyote Ugly,45000000,6282,en,15.650836,30/07/2000,113916474,100,5.8,590
Nutty Professor II: The Klumps,84000000,12107,en,6.671316,27/07/2000,123307945,106,4.7,338
What Lies Beneath,100000000,2655,en,9.500497,21/07/2000,155464351,130,6.3,504
The In Crowd,15000000,36047,en,1.991904,19/07/2000,5217498,105,4.7,15
X-Men,75000000,36657,en,0.954467,13/07/2000,296339527,104,6.8,4172
102 Dalmatians,85000000,10481,en,7.668752,10/07/2000,183611771,100,5.1,327
The Kid,65000000,4244,en,15.045725,07/07/2000,69700000,104,6,242
Scary Movie,19000000,4247,en,12.446738,07/07/2000,278019771,88,6,1468
Ready to Rumble,24000000,20697,en,3.69298,04/07/2000,12372410,107,4.7,51
Return to Me,24000000,2621,en,5.269733,04/07/2000,36609995,115,6.1,68
Rules of Engagement,60000000,10479,en,10.278274,04/07/2000,71000000,128,6,178
The Adventures of Rocky & Bullwinkle,76000000,17711,en,11.880936,30/06/2000,35134820,88,3.9,89
The Patriot,110000000,2024,en,15.960788,28/06/2000,215294342,165,6.8,1130
Baise-moi,0,3134,fr,12.589992,28/06/2000,940944,77,4.2,75
"Me, Myself & Irene",51000000,2123,en,9.95456,22/06/2000,149270999,116,6.1,956
Chicken Run,45000000,7443,en,11.834245,21/06/2000,224834564,84,6.5,1190
Chopper,0,9519,en,9.035898,21/06/2000,236185,94,6.7,111
Boys and Girls,16000000,10571,en,10.070988,16/06/2000,20627372,94,5.4,107
Titan A.E.,75000000,7450,en,7.515631,16/06/2000,36754634,94,6.3,320
Amores perros,2000000,55,es,5.958138,16/06/2000,20908467,154,7.6,537
Poor White Trash,1200000,44895,en,0.584397,16/06/2000,1404,85,3.9,7
Shaft,46000000,479,en,7.420019,15/06/2000,107196498,99,5.5,316
Get Carter,63600000,10461,en,6.047757,10/06/2000,19412993,102,4.8,147
Meet the Parents,55000000,1597,en,14.178281,10/06/2000,330444045,108,6.6,1743
Live Nude Girls Unite!,0,99006,en,0.001272,10/06/2000,48752,75,0,0
Pollock,6,12509,en,11.179864,09/06/2000,8,122,6.6,91
Big Momma's House,30000000,9600,en,7.978985,31/05/2000,173959438,98,5.6,514
Shanghai Noon,55000000,8584,en,10.308442,26/05/2000,56932305,110,6.2,756
Mission: Impossible II,125000000,955,en,18.97178,24/05/2000,546388105,123,5.9,1966
In the Mood for Love,0,843,cn,8.703552,22/05/2000,12854953,98,7.8,379
Dinosaur,127500000,10567,en,9.998415,19/05/2000,354248063,82,6.2,563
Road Trip,16000000,9285,en,8.00158,19/05/2000,119754278,93,5.9,550
Code Unknown,0,30970,fr,11.251674,19/05/2000,95242,118,6.9,59
Billy Elliot,5000000,71,en,12.158424,18/05/2000,110000000,110,7.4,774
Dancer in the Dark,12800000,16,en,10.684806,17/05/2000,40031879,140,7.7,392
Shadow of the Vampire,8000000,10873,en,12.691457,15/05/2000,8279017,92,6.6,149
Michael Jordan to the Max,0,24977,en,2.047132,05/05/2000,21268532,46,7.5,10
Kandukondain Kandukondain,500000,69426,ta,0.660663,05/05/2000,500000,157,6.4,7
Frequency,31000000,10559,en,10.163266,28/04/2000,68106245,118,7,473
The Flintstones in Viva Rock Vegas,83000000,889,en,6.053595,28/04/2000,59468275,90,4.4,140
The Big Kahuna,7000000,15723,en,4.896026,28/04/2000,3728888,90,6.8,91
Where the Heart Is,15000000,10564,en,5.833133,27/04/2000,33771174,120,6.9,159
The Isle,50000,8653,ko,3.882092,22/04/2000,21075,90,6.9,60
Gossip,14000000,18041,en,8.25719,21/04/2000,5108820,90,5.6,70
Love & Basketball,20000000,14736,en,5.733227,21/04/2000,27728118,124,7.5,93
Me Myself I,0,49721,en,0.727837,20/04/2000,369975,104,5.9,11
U-571,62000000,3536,en,7.879924,20/04/2000,127666415,116,6.1,345
Big Eden,0,21056,en,1.629476,18/04/2000,512451,117,6.1,13
Keeping the Faith,30000000,4967,en,6.045585,14/04/2000,37036004,127,5.9,161
Alaipayuthey,2000000,49035,ta,0.570021,14/04/2000,6000000,156,6.7,6
American Psycho,7000000,1359,en,13.686715,13/04/2000,34266564,102,7.3,2128
I Come,0,47108,fr,0.264672,10/04/2000,124994,90,6.8,5
Hollow Man,95000000,9383,en,7.912103,08/04/2000,190213455,112,5.6,645
Gun Shy,10000000,29076,en,6.370105,02/04/2000,1631839,101,5.4,24
Whatever It Takes,15000000,16222,en,3.550711,31/03/2000,9902115,94,5.1,38
The Road to El Dorado,95000000,10501,en,8.755188,31/03/2000,76432727,89,7,892
The Skulls,15000000,11478,en,11.363754,31/03/2000,35007180,106,5.7,160
Love's Labour's Lost,13000000,51333,en,5.867426,31/03/2000,299792,93,5.4,14
Taxi 2,0,2332,fr,6.411782,24/03/2000,60726164,82,6.1,430
Waking the Dead,8500000,37722,en,1.241671,23/03/2000,327418,105,6.5,22
Romeo Must Die,25000000,2085,en,8.369176,20/03/2000,91036760,115,6,334
Erin Brockovich,52000000,462,en,10.135446,17/03/2000,256271286,131,7.1,730
High Fidelity,30000000,243,en,8.524956,17/03/2000,47126295,113,7,636
Final Destination,23000000,9532,en,14.961416,16/03/2000,53302314,98,6.4,1416
The Perfect Storm,120000000,2133,en,18.911961,15/03/2000,325756637,130,6.2,609
Before Night Falls,0,5001,en,3.933132,09/03/2000,8524534,134,6.6,65
Drowning Mona,16000000,25166,en,4.372616,03/03/2000,15427192,96,5.4,43
The Next Best Thing,25000000,1831,en,2.971999,03/03/2000,24362772,108,4.3,29
Scream 3,40000000,4234,en,9.738371,02/03/2000,161834276,116,5.7,749
Reindeer Games,42000000,2155,en,12.11759,25/02/2000,32168970,124,5.3,175
Boiler Room,26000000,14181,en,8.518425,18/02/2000,28780255,118,6.5,202
Pitch Black,23000000,2787,en,6.424399,18/02/2000,53187659,108,6.7,1812
The Whole Nine Yards,41300000,2069,en,12.061521,18/02/2000,106371651,98,6.3,540
Hey Ram,3900000,60579,ta,0.562097,18/02/2000,4900000,199,6.7,10
Hanging Up,40000000,10385,en,6.474767,16/02/2000,36037909,94,5,42
Charlie's Angels,92000000,4327,en,9.774985,11/02/2000,264105545,98,5.6,1253
The Legend of Bagger Vance,80000000,4958,en,9.034884,11/02/2000,39459427,126,6.4,259
The Endurance: Shackleton's Legendary Antarctic Expedition,0,32567,en,1.079975,09/02/2000,2452566,97,6.2,13
Mugavari,500000,69404,en,0.284847,02/02/2000,500000,157,7.5,2
Isn't She Great,36000000,75531,de,0.907927,28/01/2000,3003296,95,4.6,14
About Adam,0,18168,en,2.100499,28/01/2000,151559,105,5.4,37
Happy Accidents,0,22230,en,9.916094,25/01/2000,688510,110,7.1,41
Saving Grace,10000000,2360,en,5.13955,24/01/2000,26330482,93,6.3,115
Supernova,90000000,10384,en,5.496624,14/01/2000,14828081,91,4.9,109
Panic,1000000,20637,en,7.554807,12/01/2000,779137,88,6.8,27
"Crouching Tiger, Hidden Dragon",17000000,146,zh,19.944953,10/01/2000,213525736,120,7.2,949
Highlander: Endgame,25000000,12211,en,11.430964,09/01/2000,15843608,87,4.4,107
Snatch,10000000,107,en,14.014025,09/01/2000,83557872,103,7.7,2953
Gladiator,103000000,98,en,23.186667,05/01/2000,457640427,155,7.9,5566
3 Strikes,6000000,47816,en,0.651625,03/01/2000,9000000,82,5.9,15
The Broken Hearts Club: A Romantic Comedy,1000000,22597,en,1.795849,02/01/2000,1744858,94,6.3,26
